tx_id,user_id,tx_date,tx_time,amount,merchant_name,mydata_category,final_category,is_user_corrected
tx-000001,user-111,2025-05-14,18:15:00,4392,이디야커피,카페,카페,False
tx-000002,user-111,2025-05-14,18:00:00,9297,한솥도시락,식비,식비,False
tx-000003,user-111,2025-05-14,15:00:00,7047,한솥도시락,식비,식비,False
tx-000004,user-111,2025-05-14,07:30:00,2484,T머니,교통,교통,False
tx-000005,user-111,2025-05-15,19:30:00,6324,스타벅스,식비,카페,True
tx-000006,user-111,2025-05-15,08:30:00,1885,T머니,교통,교통,False
tx-000007,user-111,2025-05-16,10:30:00,8071,스타벅스,식비,카페,True
tx-000008,user-111,2025-05-16,12:00:00,9485,한솥도시락,식비,식비,False
tx-000009,user-111,2025-05-17,17:00:00,6995,한솥도시락,식비,식비,False
tx-000010,user-111,2025-05-17,18:00:00,13130,한솥도시락,식비,식비,False
tx-000011,user-111,2025-05-17,21:00:00,31558,무신사,쇼핑,쇼핑,False
tx-000012,user-111,2025-05-18,17:15:00,7409,이디야커피,카페,카페,False
tx-000013,user-111,2025-05-18,20:00:00,8059,한솥도시락,식비,식비,False
tx-000014,user-111,2025-05-18,14:00:00,11502,한솥도시락,식비,식비,False
tx-000015,user-111,2025-05-19,12:00:00,8210,한솥도시락,식비,식비,False
tx-000016,user-111,2025-05-19,15:00:00,7747,한솥도시락,식비,식비,False
tx-000017,user-111,2025-05-20,16:15:00,4574,이디야커피,카페,카페,False
tx-000018,user-111,2025-05-20,08:30:00,2171,T머니,교통,교통,False
tx-000019,user-111,2025-05-21,18:15:00,6168,이디야커피,카페,카페,False
tx-000020,user-111,2025-05-21,19:00:00,6233,한솥도시락,식비,식비,False
tx-000021,user-111,2025-05-21,17:00:00,6259,한솥도시락,식비,식비,False
tx-000022,user-111,2025-05-21,07:30:00,2732,T머니,교통,교통,False
tx-000023,user-111,2025-05-22,10:15:00,5993,이디야커피,카페,카페,False
tx-000024,user-111,2025-05-22,17:00:00,4289,한솥도시락,식비,식비,False
tx-000025,user-111,2025-05-22,21:00:00,25776,무신사,쇼핑,쇼핑,False
tx-000026,user-111,2025-05-22,07:30:00,2999,T머니,교통,교통,False
tx-000027,user-111,2025-05-23,17:00:00,6544,한솥도시락,식비,식비,False
tx-000028,user-111,2025-05-23,08:30:00,3054,T머니,교통,교통,False
tx-000029,user-111,2025-05-24,19:00:00,9232,한솥도시락,식비,식비,False
tx-000030,user-111,2025-05-25,11:15:00,7944,이디야커피,카페,카페,False
tx-000031,user-111,2025-05-25,19:00:00,6744,한솥도시락,식비,식비,False
tx-000032,user-111,2025-05-26,10:15:00,5224,이디야커피,카페,카페,False
tx-000033,user-111,2025-05-26,13:00:00,4961,한솥도시락,식비,식비,False
tx-000034,user-111,2025-05-26,07:30:00,2547,T머니,교통,교통,False
tx-000035,user-111,2025-05-27,08:15:00,7442,이디야커피,카페,카페,False
tx-000036,user-111,2025-05-27,17:00:00,8936,한솥도시락,식비,식비,False
tx-000037,user-111,2025-05-27,11:00:00,4000,한솥도시락,식비,식비,False
tx-000038,user-111,2025-05-27,08:30:00,2784,T머니,교통,교통,False
tx-000039,user-111,2025-05-28,19:30:00,5367,스타벅스,식비,카페,True
tx-000040,user-111,2025-05-28,17:00:00,9253,한솥도시락,식비,식비,False
tx-000041,user-111,2025-05-28,08:30:00,3274,T머니,교통,교통,False
tx-000042,user-111,2025-05-29,13:15:00,4654,이디야커피,카페,카페,False
tx-000043,user-111,2025-05-29,16:00:00,7266,한솥도시락,식비,식비,False
tx-000044,user-111,2025-05-29,13:00:00,10807,한솥도시락,식비,식비,False
tx-000045,user-111,2025-05-29,07:30:00,2805,T머니,교통,교통,False
tx-000046,user-111,2025-05-30,16:30:00,5202,스타벅스,식비,카페,True
tx-000047,user-111,2025-05-30,17:00:00,6541,한솥도시락,식비,식비,False
tx-000048,user-111,2025-05-30,20:00:00,7694,한솥도시락,식비,식비,False
tx-000049,user-111,2025-05-30,08:30:00,2936,T머니,교통,교통,False
tx-000050,user-111,2025-05-31,19:15:00,8379,이디야커피,카페,카페,False
tx-000051,user-111,2025-05-31,13:00:00,6996,한솥도시락,식비,식비,False
tx-000052,user-111,2025-06-01,18:00:00,6383,한솥도시락,식비,식비,False
tx-000053,user-111,2025-06-02,19:00:00,4000,한솥도시락,식비,식비,False
tx-000054,user-111,2025-06-02,08:30:00,3501,T머니,교통,교통,False
tx-000055,user-111,2025-06-03,11:15:00,2704,이디야커피,카페,카페,False
tx-000056,user-111,2025-06-03,15:00:00,6492,한솥도시락,식비,식비,False
tx-000057,user-111,2025-06-03,18:00:00,7343,한솥도시락,식비,식비,False
tx-000058,user-111,2025-06-03,07:30:00,2132,T머니,교통,교통,False
tx-000059,user-111,2025-06-04,13:15:00,7861,이디야커피,카페,카페,False
tx-000060,user-111,2025-06-04,07:30:00,2888,T머니,교통,교통,False
tx-000061,user-111,2025-06-05,13:00:00,4983,한솥도시락,식비,식비,False
tx-000062,user-111,2025-06-05,08:30:00,2779,T머니,교통,교통,False
tx-000063,user-111,2025-06-06,15:30:00,5372,스타벅스,식비,카페,True
tx-000064,user-111,2025-06-06,13:00:00,10285,한솥도시락,식비,식비,False
tx-000065,user-111,2025-06-06,07:30:00,2230,T머니,교통,교통,False
tx-000066,user-111,2025-06-07,16:15:00,6503,이디야커피,카페,카페,False
tx-000067,user-111,2025-06-07,17:00:00,10087,한솥도시락,식비,식비,False
tx-000068,user-111,2025-06-08,08:15:00,6023,이디야커피,카페,카페,False
tx-000069,user-111,2025-06-08,20:00:00,9624,한솥도시락,식비,식비,False
tx-000070,user-111,2025-06-08,17:00:00,12947,한솥도시락,식비,식비,False
tx-000071,user-111,2025-06-09,11:30:00,4875,스타벅스,식비,카페,True
tx-000072,user-111,2025-06-09,13:00:00,8988,한솥도시락,식비,식비,False
tx-000073,user-111,2025-06-09,08:30:00,2899,T머니,교통,교통,False
tx-000074,user-111,2025-06-10,13:15:00,4756,이디야커피,카페,카페,False
tx-000075,user-111,2025-06-10,11:00:00,6267,한솥도시락,식비,식비,False
tx-000076,user-111,2025-06-10,18:00:00,7662,한솥도시락,식비,식비,False
tx-000077,user-111,2025-06-10,07:30:00,2361,T머니,교통,교통,False
tx-000078,user-111,2025-06-11,10:15:00,5832,이디야커피,카페,카페,False
tx-000079,user-111,2025-06-11,13:00:00,8537,한솥도시락,식비,식비,False
tx-000080,user-111,2025-06-11,08:30:00,3065,T머니,교통,교통,False
tx-000081,user-111,2025-06-12,15:00:00,8160,한솥도시락,식비,식비,False
tx-000082,user-111,2025-06-12,11:00:00,6516,한솥도시락,식비,식비,False
tx-000083,user-111,2025-06-12,08:30:00,2990,T머니,교통,교통,False
tx-000084,user-111,2025-06-13,08:15:00,4011,이디야커피,카페,카페,False
tx-000085,user-111,2025-06-13,08:30:00,2003,T머니,교통,교통,False
tx-000086,user-111,2025-06-14,13:15:00,8971,이디야커피,카페,카페,False
tx-000087,user-111,2025-06-14,20:00:00,9609,한솥도시락,식비,식비,False
tx-000088,user-111,2025-06-14,20:00:00,10436,한솥도시락,식비,식비,False
tx-000089,user-111,2025-06-15,17:15:00,6879,이디야커피,카페,카페,False
tx-000090,user-111,2025-06-15,14:00:00,5380,한솥도시락,식비,식비,False
tx-000091,user-111,2025-06-16,11:15:00,6799,이디야커피,카페,카페,False
tx-000092,user-111,2025-06-16,12:00:00,8525,한솥도시락,식비,식비,False
tx-000093,user-111,2025-06-16,21:00:00,44707,무신사,쇼핑,쇼핑,False
tx-000094,user-111,2025-06-16,08:30:00,2875,T머니,교통,교통,False
tx-000095,user-111,2025-06-17,08:15:00,6121,이디야커피,카페,카페,False
tx-000096,user-111,2025-06-17,07:30:00,3080,T머니,교통,교통,False
tx-000097,user-111,2025-06-18,14:15:00,5225,이디야커피,카페,카페,False
tx-000098,user-111,2025-06-18,20:00:00,8221,한솥도시락,식비,식비,False
tx-000099,user-111,2025-06-18,13:00:00,5687,한솥도시락,식비,식비,False
tx-000100,user-111,2025-06-18,07:30:00,3569,T머니,교통,교통,False
tx-000101,user-111,2025-06-19,12:15:00,6096,이디야커피,카페,카페,False
tx-000102,user-111,2025-06-19,11:00:00,8303,한솥도시락,식비,식비,False
tx-000103,user-111,2025-06-19,07:30:00,3095,T머니,교통,교통,False
tx-000104,user-111,2025-06-20,17:00:00,4681,한솥도시락,식비,식비,False
tx-000105,user-111,2025-06-20,08:30:00,2807,T머니,교통,교통,False
tx-000106,user-111,2025-06-21,10:15:00,8086,이디야커피,카페,카페,False
tx-000107,user-111,2025-06-21,14:00:00,9310,한솥도시락,식비,식비,False
tx-000108,user-111,2025-06-21,13:00:00,8174,한솥도시락,식비,식비,False
tx-000109,user-111,2025-06-22,12:15:00,7361,이디야커피,카페,카페,False
tx-000110,user-111,2025-06-22,19:00:00,6488,한솥도시락,식비,식비,False
tx-000111,user-111,2025-06-23,07:30:00,2994,T머니,교통,교통,False
tx-000112,user-111,2025-06-24,17:30:00,7343,스타벅스,식비,카페,True
tx-000113,user-111,2025-06-24,18:00:00,7853,한솥도시락,식비,식비,False
tx-000114,user-111,2025-06-24,08:30:00,3510,T머니,교통,교통,False
tx-000115,user-111,2025-06-25,08:15:00,4090,이디야커피,카페,카페,False
tx-000116,user-111,2025-06-25,17:00:00,8697,한솥도시락,식비,식비,False
tx-000117,user-111,2025-06-25,16:00:00,6703,한솥도시락,식비,식비,False
tx-000118,user-111,2025-06-25,07:30:00,2671,T머니,교통,교통,False
tx-000119,user-111,2025-06-26,17:15:00,5373,이디야커피,카페,카페,False
tx-000120,user-111,2025-06-26,19:00:00,8488,한솥도시락,식비,식비,False
tx-000121,user-111,2025-06-26,08:30:00,2476,T머니,교통,교통,False
tx-000122,user-111,2025-06-27,13:15:00,4260,이디야커피,카페,카페,False
tx-000123,user-111,2025-06-27,15:00:00,8614,한솥도시락,식비,식비,False
tx-000124,user-111,2025-06-27,22:00:00,40837,무신사,쇼핑,쇼핑,False
tx-000125,user-111,2025-06-28,16:15:00,7657,이디야커피,카페,카페,False
tx-000126,user-111,2025-06-28,11:00:00,8635,한솥도시락,식비,식비,False
tx-000127,user-111,2025-06-28,17:00:00,11501,한솥도시락,식비,식비,False
tx-000128,user-111,2025-06-28,21:00:00,62241,무신사,쇼핑,쇼핑,False
tx-000129,user-111,2025-06-29,20:00:00,7729,한솥도시락,식비,식비,False
tx-000130,user-111,2025-06-29,14:00:00,6656,한솥도시락,식비,식비,False
tx-000131,user-111,2025-06-30,18:15:00,4932,이디야커피,카페,카페,False
tx-000132,user-111,2025-06-30,11:00:00,8875,한솥도시락,식비,식비,False
tx-000133,user-111,2025-06-30,07:30:00,2412,T머니,교통,교통,False
tx-000134,user-111,2025-07-01,19:00:00,7491,한솥도시락,식비,식비,False
tx-000135,user-111,2025-07-02,11:00:00,11448,한솥도시락,식비,식비,False
tx-000136,user-111,2025-07-02,15:00:00,7327,한솥도시락,식비,식비,False
tx-000137,user-111,2025-07-02,07:30:00,2955,T머니,교통,교통,False
tx-000138,user-111,2025-07-03,08:15:00,6936,이디야커피,카페,카페,False
tx-000139,user-111,2025-07-03,15:00:00,9356,한솥도시락,식비,식비,False
tx-000140,user-111,2025-07-03,16:00:00,13278,한솥도시락,식비,식비,False
tx-000141,user-111,2025-07-03,07:30:00,3354,T머니,교통,교통,False
tx-000142,user-111,2025-07-04,08:15:00,6520,이디야커피,카페,카페,False
tx-000143,user-111,2025-07-04,08:30:00,3436,T머니,교통,교통,False
tx-000144,user-111,2025-07-05,17:30:00,8753,스타벅스,식비,카페,True
tx-000145,user-111,2025-07-05,16:00:00,11448,한솥도시락,식비,식비,False
tx-000146,user-111,2025-07-06,08:15:00,7283,이디야커피,카페,카페,False
tx-000147,user-111,2025-07-06,12:00:00,10113,한솥도시락,식비,식비,False
tx-000148,user-111,2025-07-06,13:00:00,11921,한솥도시락,식비,식비,False
tx-000149,user-111,2025-07-07,18:15:00,5774,이디야커피,카페,카페,False
tx-000150,user-111,2025-07-07,19:00:00,9100,한솥도시락,식비,식비,False
tx-000151,user-111,2025-07-07,07:30:00,3777,T머니,교통,교통,False
tx-000152,user-111,2025-07-08,17:15:00,4343,이디야커피,카페,카페,False
tx-000153,user-111,2025-07-08,12:00:00,7796,한솥도시락,식비,식비,False
tx-000154,user-111,2025-07-08,08:30:00,1801,T머니,교통,교통,False
tx-000155,user-111,2025-07-09,14:30:00,5605,스타벅스,식비,카페,True
tx-000156,user-111,2025-07-09,18:00:00,8311,한솥도시락,식비,식비,False
tx-000157,user-111,2025-07-09,07:30:00,3398,T머니,교통,교통,False
tx-000158,user-111,2025-07-10,17:15:00,5496,이디야커피,카페,카페,False
tx-000159,user-111,2025-07-10,16:00:00,5299,한솥도시락,식비,식비,False
tx-000160,user-111,2025-07-10,07:30:00,2019,T머니,교통,교통,False
tx-000161,user-111,2025-07-11,16:30:00,4517,스타벅스,식비,카페,True
tx-000162,user-111,2025-07-11,11:00:00,5599,한솥도시락,식비,식비,False
tx-000163,user-111,2025-07-11,07:30:00,2358,T머니,교통,교통,False
tx-000164,user-111,2025-07-12,17:15:00,7819,이디야커피,카페,카페,False
tx-000165,user-111,2025-07-12,18:00:00,7867,한솥도시락,식비,식비,False
tx-000166,user-111,2025-07-13,18:15:00,7371,이디야커피,카페,카페,False
tx-000167,user-111,2025-07-13,19:00:00,12309,한솥도시락,식비,식비,False
tx-000168,user-111,2025-07-13,17:00:00,4000,한솥도시락,식비,식비,False
tx-000169,user-111,2025-07-14,19:15:00,4686,이디야커피,카페,카페,False
tx-000170,user-111,2025-07-14,19:00:00,6864,한솥도시락,식비,식비,False
tx-000171,user-111,2025-07-14,12:00:00,11138,한솥도시락,식비,식비,False
tx-000172,user-111,2025-07-14,08:30:00,3192,T머니,교통,교통,False
tx-000173,user-111,2025-07-15,12:15:00,7231,이디야커피,카페,카페,False
tx-000174,user-111,2025-07-15,12:00:00,13465,한솥도시락,식비,식비,False
tx-000175,user-111,2025-07-15,07:30:00,3097,T머니,교통,교통,False
tx-000176,user-111,2025-07-16,14:15:00,5561,이디야커피,카페,카페,False
tx-000177,user-111,2025-07-16,14:00:00,8934,한솥도시락,식비,식비,False
tx-000178,user-111,2025-07-16,18:00:00,48618,무신사,쇼핑,쇼핑,False
tx-000179,user-111,2025-07-16,08:30:00,3289,T머니,교통,교통,False
tx-000180,user-111,2025-07-17,10:15:00,6326,이디야커피,카페,카페,False
tx-000181,user-111,2025-07-17,11:00:00,10101,한솥도시락,식비,식비,False
tx-000182,user-111,2025-07-17,20:00:00,6463,한솥도시락,식비,식비,False
tx-000183,user-111,2025-07-17,07:30:00,3258,T머니,교통,교통,False
tx-000184,user-111,2025-07-18,09:30:00,5774,스타벅스,식비,카페,True
tx-000185,user-111,2025-07-18,18:00:00,4999,한솥도시락,식비,식비,False
tx-000186,user-111,2025-07-18,07:30:00,2937,T머니,교통,교통,False
tx-000187,user-111,2025-07-19,10:15:00,7196,이디야커피,카페,카페,False
tx-000188,user-111,2025-07-19,12:00:00,5940,한솥도시락,식비,식비,False
tx-000189,user-111,2025-07-20,16:00:00,8716,한솥도시락,식비,식비,False
tx-000190,user-111,2025-07-20,18:00:00,8110,한솥도시락,식비,식비,False
tx-000191,user-111,2025-07-21,20:00:00,7065,한솥도시락,식비,식비,False
tx-000192,user-111,2025-07-21,08:30:00,2391,T머니,교통,교통,False
tx-000193,user-111,2025-07-22,10:15:00,5529,이디야커피,카페,카페,False
tx-000194,user-111,2025-07-22,11:00:00,11752,한솥도시락,식비,식비,False
tx-000195,user-111,2025-07-22,08:30:00,3297,T머니,교통,교통,False
tx-000196,user-111,2025-07-23,13:15:00,3572,이디야커피,카페,카페,False
tx-000197,user-111,2025-07-23,11:00:00,6312,한솥도시락,식비,식비,False
tx-000198,user-111,2025-07-23,08:30:00,2559,T머니,교통,교통,False
tx-000199,user-111,2025-07-24,14:00:00,7257,한솥도시락,식비,식비,False
tx-000200,user-111,2025-07-24,07:30:00,3032,T머니,교통,교통,False
tx-000201,user-111,2025-07-25,14:00:00,6551,한솥도시락,식비,식비,False
tx-000202,user-111,2025-07-25,07:30:00,1482,T머니,교통,교통,False
tx-000203,user-111,2025-07-26,10:30:00,8710,스타벅스,식비,카페,True
tx-000204,user-111,2025-07-26,15:00:00,7316,한솥도시락,식비,식비,False
tx-000205,user-111,2025-07-27,20:00:00,4301,한솥도시락,식비,식비,False
tx-000206,user-111,2025-07-27,18:00:00,6987,한솥도시락,식비,식비,False
tx-000207,user-111,2025-07-28,15:15:00,5913,이디야커피,카페,카페,False
tx-000208,user-111,2025-07-28,11:00:00,10314,한솥도시락,식비,식비,False
tx-000209,user-111,2025-07-28,08:30:00,3755,T머니,교통,교통,False
tx-000210,user-111,2025-07-29,15:00:00,7221,한솥도시락,식비,식비,False
tx-000211,user-111,2025-07-29,18:00:00,8639,한솥도시락,식비,식비,False
tx-000212,user-111,2025-07-29,07:30:00,3456,T머니,교통,교통,False
tx-000213,user-111,2025-07-30,18:15:00,4799,이디야커피,카페,카페,False
tx-000214,user-111,2025-07-30,12:00:00,4362,한솥도시락,식비,식비,False
tx-000215,user-111,2025-07-30,08:30:00,3083,T머니,교통,교통,False
tx-000216,user-111,2025-07-31,08:15:00,4286,이디야커피,카페,카페,False
tx-000217,user-111,2025-07-31,11:00:00,6818,한솥도시락,식비,식비,False
tx-000218,user-111,2025-07-31,17:00:00,6862,한솥도시락,식비,식비,False
tx-000219,user-111,2025-07-31,07:30:00,3464,T머니,교통,교통,False
tx-000220,user-111,2025-08-01,17:00:00,8939,한솥도시락,식비,식비,False
tx-000221,user-111,2025-08-01,07:30:00,2531,T머니,교통,교통,False
tx-000222,user-111,2025-08-02,15:15:00,5199,이디야커피,카페,카페,False
tx-000223,user-111,2025-08-02,16:00:00,9087,한솥도시락,식비,식비,False
tx-000224,user-111,2025-08-02,11:00:00,13045,한솥도시락,식비,식비,False
tx-000225,user-111,2025-08-03,14:15:00,6985,이디야커피,카페,카페,False
tx-000226,user-111,2025-08-03,13:00:00,7571,한솥도시락,식비,식비,False
tx-000227,user-111,2025-08-03,17:00:00,5723,한솥도시락,식비,식비,False
tx-000228,user-111,2025-08-04,19:00:00,12880,한솥도시락,식비,식비,False
tx-000229,user-111,2025-08-04,07:30:00,2859,T머니,교통,교통,False
tx-000230,user-111,2025-08-05,13:00:00,8174,한솥도시락,식비,식비,False
tx-000231,user-111,2025-08-05,08:30:00,2940,T머니,교통,교통,False
tx-000232,user-111,2025-08-06,17:00:00,9131,한솥도시락,식비,식비,False
tx-000233,user-111,2025-08-06,08:30:00,1798,T머니,교통,교통,False
tx-000234,user-111,2025-08-07,12:00:00,12911,한솥도시락,식비,식비,False
tx-000235,user-111,2025-08-07,14:00:00,7676,한솥도시락,식비,식비,False
tx-000236,user-111,2025-08-07,08:30:00,2741,T머니,교통,교통,False
tx-000237,user-111,2025-08-08,19:15:00,5481,이디야커피,카페,카페,False
tx-000238,user-111,2025-08-08,18:00:00,9680,한솥도시락,식비,식비,False
tx-000239,user-111,2025-08-08,07:30:00,2761,T머니,교통,교통,False
tx-000240,user-111,2025-08-09,16:15:00,6009,이디야커피,카페,카페,False
tx-000241,user-111,2025-08-09,17:00:00,5278,한솥도시락,식비,식비,False
tx-000242,user-111,2025-08-09,15:00:00,8752,한솥도시락,식비,식비,False
tx-000243,user-111,2025-08-09,18:00:00,10556,무신사,쇼핑,쇼핑,False
tx-000244,user-111,2025-08-10,19:15:00,7907,이디야커피,카페,카페,False
tx-000245,user-111,2025-08-10,19:00:00,9140,한솥도시락,식비,식비,False
tx-000246,user-111,2025-08-10,15:00:00,10956,한솥도시락,식비,식비,False
tx-000247,user-111,2025-08-11,16:00:00,6937,한솥도시락,식비,식비,False
tx-000248,user-111,2025-08-11,11:00:00,8565,한솥도시락,식비,식비,False
tx-000249,user-111,2025-08-11,08:30:00,2433,T머니,교통,교통,False
tx-000250,user-111,2025-08-12,18:15:00,4457,이디야커피,카페,카페,False
tx-000251,user-111,2025-08-12,16:00:00,13703,한솥도시락,식비,식비,False
tx-000252,user-111,2025-08-12,08:30:00,2617,T머니,교통,교통,False
tx-000253,user-111,2025-08-13,18:30:00,6475,스타벅스,식비,카페,True
tx-000254,user-111,2025-08-13,20:00:00,4702,한솥도시락,식비,식비,False
tx-000255,user-111,2025-08-13,18:00:00,4000,한솥도시락,식비,식비,False
tx-000256,user-111,2025-08-13,07:30:00,2589,T머니,교통,교통,False
tx-000257,user-111,2025-08-14,19:30:00,5075,스타벅스,식비,카페,True
tx-000258,user-111,2025-08-14,12:00:00,8310,한솥도시락,식비,식비,False
tx-000259,user-111,2025-08-14,11:00:00,7730,한솥도시락,식비,식비,False
tx-000260,user-111,2025-08-15,15:15:00,5217,이디야커피,카페,카페,False
tx-000261,user-111,2025-08-15,16:00:00,10512,한솥도시락,식비,식비,False
tx-000262,user-111,2025-08-15,08:30:00,3358,T머니,교통,교통,False
tx-000263,user-111,2025-08-16,12:30:00,8198,스타벅스,식비,카페,True
tx-000264,user-111,2025-08-16,18:00:00,8834,한솥도시락,식비,식비,False
tx-000265,user-111,2025-08-16,17:00:00,11322,한솥도시락,식비,식비,False
tx-000266,user-111,2025-08-17,15:15:00,7303,이디야커피,카페,카페,False
tx-000267,user-111,2025-08-17,18:00:00,9055,한솥도시락,식비,식비,False
tx-000268,user-111,2025-08-17,20:00:00,7303,한솥도시락,식비,식비,False
tx-000269,user-111,2025-08-18,16:15:00,6300,이디야커피,카페,카페,False
tx-000270,user-111,2025-08-18,20:00:00,4000,한솥도시락,식비,식비,False
tx-000271,user-111,2025-08-18,07:30:00,2953,T머니,교통,교통,False
tx-000272,user-111,2025-08-19,13:00:00,8450,한솥도시락,식비,식비,False
tx-000273,user-111,2025-08-19,08:30:00,2785,T머니,교통,교통,False
tx-000274,user-111,2025-08-20,07:30:00,2466,T머니,교통,교통,False
tx-000275,user-111,2025-08-21,09:15:00,4038,이디야커피,카페,카페,False
tx-000276,user-111,2025-08-21,11:00:00,7750,한솥도시락,식비,식비,False
tx-000277,user-111,2025-08-21,14:00:00,7887,한솥도시락,식비,식비,False
tx-000278,user-111,2025-08-22,18:00:00,6292,한솥도시락,식비,식비,False
tx-000279,user-111,2025-08-22,08:30:00,2741,T머니,교통,교통,False
tx-000280,user-111,2025-08-23,20:00:00,8635,한솥도시락,식비,식비,False
tx-000281,user-111,2025-08-23,19:00:00,28761,무신사,쇼핑,쇼핑,False
tx-000282,user-111,2025-08-24,17:00:00,8239,한솥도시락,식비,식비,False
tx-000283,user-111,2025-08-24,11:00:00,12051,한솥도시락,식비,식비,False
tx-000284,user-111,2025-08-25,19:00:00,7073,한솥도시락,식비,식비,False
tx-000285,user-111,2025-08-25,12:00:00,12368,한솥도시락,식비,식비,False
tx-000286,user-111,2025-08-25,07:30:00,3877,T머니,교통,교통,False
tx-000287,user-111,2025-08-26,12:15:00,6205,이디야커피,카페,카페,False
tx-000288,user-111,2025-08-26,16:00:00,9336,한솥도시락,식비,식비,False
tx-000289,user-111,2025-08-26,20:00:00,10710,한솥도시락,식비,식비,False
tx-000290,user-111,2025-08-27,08:15:00,4973,이디야커피,카페,카페,False
tx-000291,user-111,2025-08-27,13:00:00,10768,한솥도시락,식비,식비,False
tx-000292,user-111,2025-08-27,07:30:00,2821,T머니,교통,교통,False
tx-000293,user-111,2025-08-28,19:00:00,7554,한솥도시락,식비,식비,False
tx-000294,user-111,2025-08-28,07:30:00,3128,T머니,교통,교통,False
tx-000295,user-111,2025-08-29,18:15:00,7314,이디야커피,카페,카페,False
tx-000296,user-111,2025-08-29,08:30:00,3189,T머니,교통,교통,False
tx-000297,user-111,2025-08-30,11:15:00,8642,이디야커피,카페,카페,False
tx-000298,user-111,2025-08-30,17:00:00,6457,한솥도시락,식비,식비,False
tx-000299,user-111,2025-08-31,09:30:00,8092,스타벅스,식비,카페,True
tx-000300,user-111,2025-08-31,13:00:00,4000,한솥도시락,식비,식비,False
tx-000301,user-111,2025-09-01,19:15:00,5897,이디야커피,카페,카페,False
tx-000302,user-111,2025-09-01,16:00:00,7675,한솥도시락,식비,식비,False
tx-000303,user-111,2025-09-01,07:30:00,2688,T머니,교통,교통,False
tx-000304,user-111,2025-09-02,16:00:00,7488,한솥도시락,식비,식비,False
tx-000305,user-111,2025-09-02,07:30:00,3020,T머니,교통,교통,False
tx-000306,user-111,2025-09-03,10:15:00,5426,이디야커피,카페,카페,False
tx-000307,user-111,2025-09-03,14:00:00,8217,한솥도시락,식비,식비,False
tx-000308,user-111,2025-09-03,11:00:00,5437,한솥도시락,식비,식비,False
tx-000309,user-111,2025-09-03,07:30:00,3579,T머니,교통,교통,False
tx-000310,user-111,2025-09-04,11:30:00,6063,스타벅스,식비,카페,True
tx-000311,user-111,2025-09-04,15:00:00,10125,한솥도시락,식비,식비,False
tx-000312,user-111,2025-09-04,14:00:00,8252,한솥도시락,식비,식비,False
tx-000313,user-111,2025-09-04,08:30:00,2772,T머니,교통,교통,False
tx-000314,user-111,2025-09-05,11:00:00,9108,한솥도시락,식비,식비,False
tx-000315,user-111,2025-09-05,18:00:00,5371,한솥도시락,식비,식비,False
tx-000316,user-111,2025-09-05,07:30:00,3666,T머니,교통,교통,False
tx-000317,user-111,2025-09-06,15:00:00,10106,한솥도시락,식비,식비,False
tx-000318,user-111,2025-09-07,17:00:00,11822,한솥도시락,식비,식비,False
tx-000319,user-111,2025-09-08,13:15:00,4613,이디야커피,카페,카페,False
tx-000320,user-111,2025-09-08,18:00:00,7709,한솥도시락,식비,식비,False
tx-000321,user-111,2025-09-08,11:00:00,9241,한솥도시락,식비,식비,False
tx-000322,user-111,2025-09-08,19:00:00,34387,무신사,쇼핑,쇼핑,False
tx-000323,user-111,2025-09-08,08:30:00,2997,T머니,교통,교통,False
tx-000324,user-111,2025-09-09,08:15:00,5903,이디야커피,카페,카페,False
tx-000325,user-111,2025-09-09,08:30:00,2427,T머니,교통,교통,False
tx-000326,user-111,2025-09-10,16:00:00,9591,한솥도시락,식비,식비,False
tx-000327,user-111,2025-09-10,07:30:00,2837,T머니,교통,교통,False
tx-000328,user-111,2025-09-11,11:30:00,5203,스타벅스,식비,카페,True
tx-000329,user-111,2025-09-11,20:00:00,10798,한솥도시락,식비,식비,False
tx-000330,user-111,2025-09-11,17:00:00,9881,한솥도시락,식비,식비,False
tx-000331,user-111,2025-09-12,16:15:00,6198,이디야커피,카페,카페,False
tx-000332,user-111,2025-09-12,12:00:00,10700,한솥도시락,식비,식비,False
tx-000333,user-111,2025-09-12,07:30:00,2598,T머니,교통,교통,False
tx-000334,user-111,2025-09-13,20:00:00,14533,한솥도시락,식비,식비,False
tx-000335,user-111,2025-09-14,19:15:00,7274,이디야커피,카페,카페,False
tx-000336,user-111,2025-09-14,13:00:00,5463,한솥도시락,식비,식비,False
tx-000337,user-111,2025-09-14,17:00:00,5921,한솥도시락,식비,식비,False
tx-000338,user-111,2025-09-15,13:15:00,5470,이디야커피,카페,카페,False
tx-000339,user-111,2025-09-15,13:00:00,5680,한솥도시락,식비,식비,False
tx-000340,user-111,2025-09-15,16:00:00,9910,한솥도시락,식비,식비,False
tx-000341,user-111,2025-09-15,22:00:00,31139,무신사,쇼핑,쇼핑,False
tx-000342,user-111,2025-09-15,07:30:00,1798,T머니,교통,교통,False
tx-000343,user-111,2025-09-16,12:00:00,8571,한솥도시락,식비,식비,False
tx-000344,user-111,2025-09-16,08:30:00,3748,T머니,교통,교통,False
tx-000345,user-111,2025-09-17,11:15:00,7576,이디야커피,카페,카페,False
tx-000346,user-111,2025-09-17,13:00:00,4641,한솥도시락,식비,식비,False
tx-000347,user-111,2025-09-17,13:00:00,6279,한솥도시락,식비,식비,False
tx-000348,user-111,2025-09-17,07:30:00,1982,T머니,교통,교통,False
tx-000349,user-111,2025-09-18,17:15:00,5535,이디야커피,카페,카페,False
tx-000350,user-111,2025-09-18,17:00:00,11970,한솥도시락,식비,식비,False
tx-000351,user-111,2025-09-18,07:30:00,2263,T머니,교통,교통,False
tx-000352,user-111,2025-09-19,16:15:00,5876,이디야커피,카페,카페,False
tx-000353,user-111,2025-09-19,12:00:00,5187,한솥도시락,식비,식비,False
tx-000354,user-111,2025-09-19,13:00:00,11182,한솥도시락,식비,식비,False
tx-000355,user-111,2025-09-19,07:30:00,2519,T머니,교통,교통,False
tx-000356,user-111,2025-09-20,17:15:00,7866,이디야커피,카페,카페,False
tx-000357,user-111,2025-09-20,19:00:00,4000,한솥도시락,식비,식비,False
tx-000358,user-111,2025-09-20,11:00:00,9135,한솥도시락,식비,식비,False
tx-000359,user-111,2025-09-21,12:15:00,6227,이디야커피,카페,카페,False
tx-000360,user-111,2025-09-21,18:00:00,4718,한솥도시락,식비,식비,False
tx-000361,user-111,2025-09-22,09:30:00,5724,스타벅스,식비,카페,True
tx-000362,user-111,2025-09-22,08:30:00,3027,T머니,교통,교통,False
tx-000363,user-111,2025-09-23,12:15:00,5901,이디야커피,카페,카페,False
tx-000364,user-111,2025-09-23,20:00:00,5912,한솥도시락,식비,식비,False
tx-000365,user-111,2025-09-23,07:30:00,1873,T머니,교통,교통,False
tx-000366,user-111,2025-09-24,11:15:00,6539,이디야커피,카페,카페,False
tx-000367,user-111,2025-09-24,15:00:00,6668,한솥도시락,식비,식비,False
tx-000368,user-111,2025-09-24,11:00:00,9763,한솥도시락,식비,식비,False
tx-000369,user-111,2025-09-24,07:30:00,3283,T머니,교통,교통,False
tx-000370,user-111,2025-09-25,11:00:00,5452,한솥도시락,식비,식비,False
tx-000371,user-111,2025-09-25,07:30:00,2558,T머니,교통,교통,False
tx-000372,user-111,2025-09-26,10:15:00,6323,이디야커피,카페,카페,False
tx-000373,user-111,2025-09-26,12:00:00,10597,한솥도시락,식비,식비,False
tx-000374,user-111,2025-09-26,07:30:00,3889,T머니,교통,교통,False
tx-000375,user-111,2025-09-28,13:15:00,6947,이디야커피,카페,카페,False
tx-000376,user-111,2025-09-28,16:00:00,7683,한솥도시락,식비,식비,False
tx-000377,user-111,2025-09-29,17:00:00,4827,한솥도시락,식비,식비,False
tx-000378,user-111,2025-09-29,18:00:00,21512,무신사,쇼핑,쇼핑,False
tx-000379,user-111,2025-09-29,08:30:00,3756,T머니,교통,교통,False
tx-000380,user-111,2025-09-30,08:15:00,5213,이디야커피,카페,카페,False
tx-000381,user-111,2025-09-30,20:00:00,5528,한솥도시락,식비,식비,False
tx-000382,user-111,2025-09-30,12:00:00,9280,한솥도시락,식비,식비,False
tx-000383,user-111,2025-09-30,08:30:00,2835,T머니,교통,교통,False
tx-000384,user-111,2025-10-01,15:00:00,11315,한솥도시락,식비,식비,False
tx-000385,user-111,2025-10-01,14:00:00,12113,한솥도시락,식비,식비,False
tx-000386,user-111,2025-10-01,08:30:00,1705,T머니,교통,교통,False
tx-000387,user-111,2025-10-02,15:00:00,7823,한솥도시락,식비,식비,False
tx-000388,user-111,2025-10-02,07:30:00,3557,T머니,교통,교통,False
tx-000389,user-111,2025-10-03,11:15:00,5975,이디야커피,카페,카페,False
tx-000390,user-111,2025-10-03,13:00:00,4976,한솥도시락,식비,식비,False
tx-000391,user-111,2025-10-03,12:00:00,6427,한솥도시락,식비,식비,False
tx-000392,user-111,2025-10-04,20:00:00,8908,한솥도시락,식비,식비,False
tx-000393,user-111,2025-10-04,18:00:00,7149,한솥도시락,식비,식비,False
tx-000394,user-111,2025-10-05,11:15:00,8093,이디야커피,카페,카페,False
tx-000395,user-111,2025-10-05,20:00:00,7052,한솥도시락,식비,식비,False
tx-000396,user-111,2025-10-06,12:15:00,6147,이디야커피,카페,카페,False
tx-000397,user-111,2025-10-06,20:00:00,9749,한솥도시락,식비,식비,False
tx-000398,user-111,2025-10-06,19:00:00,5259,한솥도시락,식비,식비,False
tx-000399,user-111,2025-10-06,07:30:00,2053,T머니,교통,교통,False
tx-000400,user-111,2025-10-07,11:15:00,5395,이디야커피,카페,카페,False
tx-000401,user-111,2025-10-07,11:00:00,9098,한솥도시락,식비,식비,False
tx-000402,user-111,2025-10-07,07:30:00,2330,T머니,교통,교통,False
tx-000403,user-111,2025-10-08,20:00:00,11561,한솥도시락,식비,식비,False
tx-000404,user-111,2025-10-08,19:00:00,12558,한솥도시락,식비,식비,False
tx-000405,user-111,2025-10-08,07:30:00,2988,T머니,교통,교통,False
tx-000406,user-111,2025-10-09,17:15:00,6093,이디야커피,카페,카페,False
tx-000407,user-111,2025-10-09,17:00:00,9922,한솥도시락,식비,식비,False
tx-000408,user-111,2025-10-09,07:30:00,3777,T머니,교통,교통,False
tx-000409,user-111,2025-10-10,14:00:00,6876,한솥도시락,식비,식비,False
tx-000410,user-111,2025-10-10,11:00:00,5440,한솥도시락,식비,식비,False
tx-000411,user-111,2025-10-10,08:30:00,2917,T머니,교통,교통,False
tx-000412,user-111,2025-10-11,20:00:00,6995,한솥도시락,식비,식비,False
tx-000413,user-111,2025-10-12,15:15:00,9280,이디야커피,카페,카페,False
tx-000414,user-111,2025-10-12,15:00:00,9547,한솥도시락,식비,식비,False
tx-000415,user-111,2025-10-12,19:00:00,9846,한솥도시락,식비,식비,False
tx-000416,user-111,2025-10-13,14:15:00,5191,이디야커피,카페,카페,False
tx-000417,user-111,2025-10-13,17:00:00,11228,한솥도시락,식비,식비,False
tx-000418,user-111,2025-10-13,13:00:00,10022,한솥도시락,식비,식비,False
tx-000419,user-111,2025-10-14,12:00:00,14298,한솥도시락,식비,식비,False
tx-000420,user-111,2025-10-14,07:30:00,3035,T머니,교통,교통,False
tx-000421,user-111,2025-10-15,15:00:00,6535,한솥도시락,식비,식비,False
tx-000422,user-111,2025-10-15,07:30:00,2001,T머니,교통,교통,False
tx-000423,user-111,2025-10-16,14:15:00,5020,이디야커피,카페,카페,False
tx-000424,user-111,2025-10-16,16:00:00,4000,한솥도시락,식비,식비,False
tx-000425,user-111,2025-10-16,08:30:00,1290,T머니,교통,교통,False
tx-000426,user-111,2025-10-17,16:00:00,8570,한솥도시락,식비,식비,False
tx-000427,user-111,2025-10-17,07:30:00,2472,T머니,교통,교통,False
tx-000428,user-111,2025-10-18,09:15:00,8613,이디야커피,카페,카페,False
tx-000429,user-111,2025-10-19,11:00:00,10780,한솥도시락,식비,식비,False
tx-000430,user-111,2025-10-20,19:00:00,4505,한솥도시락,식비,식비,False
tx-000431,user-111,2025-10-20,08:30:00,2763,T머니,교통,교통,False
tx-000432,user-111,2025-10-21,19:15:00,5092,이디야커피,카페,카페,False
tx-000433,user-111,2025-10-21,14:00:00,10143,한솥도시락,식비,식비,False
tx-000434,user-111,2025-10-21,12:00:00,8855,한솥도시락,식비,식비,False
tx-000435,user-111,2025-10-21,07:30:00,1806,T머니,교통,교통,False
tx-000436,user-111,2025-10-22,17:15:00,7404,이디야커피,카페,카페,False
tx-000437,user-111,2025-10-22,19:00:00,10114,한솥도시락,식비,식비,False
tx-000438,user-111,2025-10-22,07:30:00,3624,T머니,교통,교통,False
tx-000439,user-111,2025-10-23,19:15:00,5538,이디야커피,카페,카페,False
tx-000440,user-111,2025-10-23,18:00:00,7743,한솥도시락,식비,식비,False
tx-000441,user-111,2025-10-23,08:30:00,3369,T머니,교통,교통,False
tx-000442,user-111,2025-10-24,13:00:00,4787,한솥도시락,식비,식비,False
tx-000443,user-111,2025-10-24,08:30:00,3124,T머니,교통,교통,False
tx-000444,user-111,2025-10-25,15:00:00,10397,한솥도시락,식비,식비,False
tx-000445,user-111,2025-10-25,17:00:00,7134,한솥도시락,식비,식비,False
tx-000446,user-111,2025-10-26,12:15:00,8055,이디야커피,카페,카페,False
tx-000447,user-111,2025-10-26,11:00:00,8194,한솥도시락,식비,식비,False
tx-000448,user-111,2025-10-26,15:00:00,7412,한솥도시락,식비,식비,False
tx-000449,user-111,2025-10-27,19:15:00,4974,이디야커피,카페,카페,False
tx-000450,user-111,2025-10-27,14:00:00,8399,한솥도시락,식비,식비,False
tx-000451,user-111,2025-10-27,07:30:00,2974,T머니,교통,교통,False
tx-000452,user-111,2025-10-28,08:15:00,5441,이디야커피,카페,카페,False
tx-000453,user-111,2025-10-28,17:00:00,8279,한솥도시락,식비,식비,False
tx-000454,user-111,2025-10-28,12:00:00,10803,한솥도시락,식비,식비,False
tx-000455,user-111,2025-10-28,07:30:00,3019,T머니,교통,교통,False
tx-000456,user-111,2025-10-29,19:15:00,5919,이디야커피,카페,카페,False
tx-000457,user-111,2025-10-29,18:00:00,7586,한솥도시락,식비,식비,False
tx-000458,user-111,2025-10-29,08:30:00,2910,T머니,교통,교통,False
tx-000459,user-111,2025-10-30,17:00:00,11501,한솥도시락,식비,식비,False
tx-000460,user-111,2025-10-30,13:00:00,6857,한솥도시락,식비,식비,False
tx-000461,user-111,2025-10-30,08:30:00,2969,T머니,교통,교통,False
tx-000462,user-111,2025-10-31,19:15:00,5476,이디야커피,카페,카페,False
tx-000463,user-111,2025-10-31,19:00:00,6346,한솥도시락,식비,식비,False
tx-000464,user-111,2025-10-31,08:30:00,2271,T머니,교통,교통,False
tx-000465,user-111,2025-11-01,15:00:00,5973,한솥도시락,식비,식비,False
tx-000466,user-111,2025-11-01,12:00:00,8332,한솥도시락,식비,식비,False
tx-000467,user-111,2025-11-02,16:15:00,6647,이디야커피,카페,카페,False
tx-000468,user-111,2025-11-02,14:00:00,4000,한솥도시락,식비,식비,False
tx-000469,user-111,2025-11-02,11:00:00,7946,한솥도시락,식비,식비,False
tx-000470,user-111,2025-11-03,14:15:00,5919,이디야커피,카페,카페,False
tx-000471,user-111,2025-11-03,15:00:00,13822,한솥도시락,식비,식비,False
tx-000472,user-111,2025-11-03,18:00:00,10221,한솥도시락,식비,식비,False
tx-000473,user-111,2025-11-03,07:30:00,3474,T머니,교통,교통,False
tx-000474,user-111,2025-11-04,15:00:00,6501,한솥도시락,식비,식비,False
tx-000475,user-111,2025-11-04,13:00:00,10531,한솥도시락,식비,식비,False
tx-000476,user-111,2025-11-04,08:30:00,3146,T머니,교통,교통,False
tx-000477,user-111,2025-11-05,10:15:00,6444,이디야커피,카페,카페,False
tx-000478,user-111,2025-11-05,19:00:00,15004,한솥도시락,식비,식비,False
tx-000479,user-111,2025-11-05,20:00:00,6944,한솥도시락,식비,식비,False
tx-000480,user-111,2025-11-05,08:30:00,3086,T머니,교통,교통,False
tx-000481,user-111,2025-11-06,08:30:00,2451,T머니,교통,교통,False
tx-000482,user-111,2025-11-07,12:00:00,9971,한솥도시락,식비,식비,False
tx-000483,user-111,2025-11-07,08:30:00,2719,T머니,교통,교통,False
tx-000484,user-111,2025-11-08,19:00:00,8536,한솥도시락,식비,식비,False
tx-000485,user-111,2025-11-08,13:00:00,8197,한솥도시락,식비,식비,False
tx-000486,user-111,2025-11-09,17:15:00,8139,이디야커피,카페,카페,False
tx-000487,user-111,2025-11-09,13:00:00,9972,한솥도시락,식비,식비,False
tx-000488,user-111,2025-11-10,14:30:00,6562,스타벅스,식비,카페,True
tx-000489,user-111,2025-11-10,14:00:00,11416,한솥도시락,식비,식비,False
tx-000490,user-111,2025-11-10,07:30:00,2456,T머니,교통,교통,False
tx-000491,user-111,2025-11-11,11:15:00,6354,이디야커피,카페,카페,False
tx-000492,user-111,2025-11-11,12:00:00,6780,한솥도시락,식비,식비,False
tx-000493,user-111,2025-11-11,07:30:00,3454,T머니,교통,교통,False
tx-000494,user-111,2025-11-12,17:15:00,4811,이디야커피,카페,카페,False
tx-000495,user-111,2025-11-12,14:00:00,4000,한솥도시락,식비,식비,False
tx-000496,user-111,2025-11-12,07:30:00,3280,T머니,교통,교통,False
tx-000497,user-111,2025-11-13,18:15:00,6716,이디야커피,카페,카페,False
tx-000498,user-111,2025-11-13,11:00:00,5086,한솥도시락,식비,식비,False
tx-000499,user-111,2025-11-13,16:00:00,13154,한솥도시락,식비,식비,False
tx-000500,user-111,2025-11-13,07:30:00,2153,T머니,교통,교통,False
tx-000501,user-111,2025-11-14,09:15:00,4986,이디야커피,카페,카페,False
tx-000502,user-111,2025-11-14,16:00:00,9371,한솥도시락,식비,식비,False
tx-000503,user-111,2025-11-14,08:30:00,2993,T머니,교통,교통,False
tx-000504,user-111,2025-11-15,15:00:00,8130,한솥도시락,식비,식비,False
tx-000505,user-111,2025-11-15,15:00:00,4000,한솥도시락,식비,식비,False
tx-000506,user-111,2025-11-16,14:30:00,6948,스타벅스,식비,카페,True
tx-000507,user-111,2025-11-16,16:00:00,10750,한솥도시락,식비,식비,False
tx-000508,user-111,2025-11-17,11:15:00,7030,이디야커피,카페,카페,False
tx-000509,user-111,2025-11-17,13:00:00,6059,한솥도시락,식비,식비,False
tx-000510,user-111,2025-11-17,08:30:00,2264,T머니,교통,교통,False
tx-000511,user-111,2025-11-18,19:15:00,5952,이디야커피,카페,카페,False
tx-000512,user-111,2025-11-18,14:00:00,12420,한솥도시락,식비,식비,False
tx-000513,user-111,2025-11-18,07:30:00,2011,T머니,교통,교통,False
tx-000514,user-111,2025-11-19,09:15:00,5164,이디야커피,카페,카페,False
tx-000515,user-111,2025-11-19,18:00:00,11399,한솥도시락,식비,식비,False
tx-000516,user-111,2025-11-19,08:30:00,2573,T머니,교통,교통,False
tx-000517,user-111,2025-11-20,13:00:00,7106,한솥도시락,식비,식비,False
tx-000518,user-111,2025-11-20,07:30:00,2161,T머니,교통,교통,False
tx-000519,user-111,2025-11-21,08:15:00,5444,이디야커피,카페,카페,False
tx-000520,user-111,2025-11-21,12:00:00,8089,한솥도시락,식비,식비,False
tx-000521,user-111,2025-11-21,17:00:00,11030,한솥도시락,식비,식비,False
tx-000522,user-111,2025-11-21,08:30:00,1429,T머니,교통,교통,False
tx-000523,user-111,2025-11-22,13:30:00,7535,스타벅스,식비,카페,True
tx-000524,user-111,2025-11-22,12:00:00,11375,한솥도시락,식비,식비,False
tx-000525,user-111,2025-11-23,13:15:00,6933,이디야커피,카페,카페,False
tx-000526,user-111,2025-11-23,13:00:00,11007,한솥도시락,식비,식비,False
tx-000527,user-111,2025-11-24,11:15:00,5570,이디야커피,카페,카페,False
tx-000528,user-111,2025-11-24,15:00:00,7223,한솥도시락,식비,식비,False
tx-000529,user-111,2025-11-24,19:00:00,6064,한솥도시락,식비,식비,False
tx-000530,user-111,2025-11-24,07:30:00,3075,T머니,교통,교통,False
tx-000531,user-111,2025-11-25,08:15:00,6222,이디야커피,카페,카페,False
tx-000532,user-111,2025-11-25,17:00:00,6660,한솥도시락,식비,식비,False
tx-000533,user-111,2025-11-25,07:30:00,3585,T머니,교통,교통,False
tx-000534,user-111,2025-11-26,15:15:00,5719,이디야커피,카페,카페,False
tx-000535,user-111,2025-11-26,17:00:00,13183,한솥도시락,식비,식비,False
tx-000536,user-111,2025-11-26,08:30:00,3448,T머니,교통,교통,False
tx-000537,user-111,2025-11-27,14:15:00,6776,이디야커피,카페,카페,False
tx-000538,user-111,2025-11-27,12:00:00,6384,한솥도시락,식비,식비,False
tx-000539,user-111,2025-11-27,11:00:00,8568,한솥도시락,식비,식비,False
tx-000540,user-111,2025-11-27,22:00:00,15752,무신사,쇼핑,쇼핑,False
tx-000541,user-111,2025-11-27,08:30:00,2469,T머니,교통,교통,False
tx-000542,user-111,2025-11-28,16:30:00,7240,스타벅스,식비,카페,True
tx-000543,user-111,2025-11-28,17:00:00,8300,한솥도시락,식비,식비,False
tx-000544,user-111,2025-11-28,08:30:00,3071,T머니,교통,교통,False
tx-000545,user-111,2025-11-29,18:15:00,7612,이디야커피,카페,카페,False
tx-000546,user-111,2025-11-29,14:00:00,10964,한솥도시락,식비,식비,False
tx-000547,user-111,2025-11-29,15:00:00,9949,한솥도시락,식비,식비,False
tx-000548,user-111,2025-11-30,13:15:00,8129,이디야커피,카페,카페,False
tx-000549,user-111,2025-11-30,19:00:00,7740,한솥도시락,식비,식비,False
tx-000550,user-111,2025-12-01,19:15:00,4352,이디야커피,카페,카페,False
tx-000551,user-111,2025-12-01,12:00:00,7004,한솥도시락,식비,식비,False
tx-000552,user-111,2025-12-01,19:00:00,12602,한솥도시락,식비,식비,False
tx-000553,user-111,2025-12-01,08:30:00,2114,T머니,교통,교통,False
tx-000554,user-111,2025-12-02,18:15:00,8326,이디야커피,카페,카페,False
tx-000555,user-111,2025-12-02,18:00:00,7706,한솥도시락,식비,식비,False
tx-000556,user-111,2025-12-02,17:00:00,6811,한솥도시락,식비,식비,False
tx-000557,user-111,2025-12-02,08:30:00,2665,T머니,교통,교통,False
tx-000558,user-111,2025-12-03,12:15:00,5721,이디야커피,카페,카페,False
tx-000559,user-111,2025-12-03,11:00:00,9784,한솥도시락,식비,식비,False
tx-000560,user-111,2025-12-03,17:00:00,8948,한솥도시락,식비,식비,False
tx-000561,user-111,2025-12-03,08:30:00,2969,T머니,교통,교통,False
tx-000562,user-111,2025-12-04,18:15:00,7066,이디야커피,카페,카페,False
tx-000563,user-111,2025-12-04,13:00:00,7069,한솥도시락,식비,식비,False
tx-000564,user-111,2025-12-04,13:00:00,5197,한솥도시락,식비,식비,False
tx-000565,user-111,2025-12-04,08:30:00,2478,T머니,교통,교통,False
tx-000566,user-111,2025-12-05,13:15:00,6233,이디야커피,카페,카페,False
tx-000567,user-111,2025-12-05,19:00:00,8989,한솥도시락,식비,식비,False
tx-000568,user-111,2025-12-05,14:00:00,9292,한솥도시락,식비,식비,False
tx-000569,user-111,2025-12-05,07:30:00,4025,T머니,교통,교통,False
tx-000570,user-111,2025-12-06,15:15:00,8770,이디야커피,카페,카페,False
tx-000571,user-111,2025-12-06,11:00:00,7941,한솥도시락,식비,식비,False
tx-000572,user-111,2025-12-07,10:15:00,7482,이디야커피,카페,카페,False
tx-000573,user-111,2025-12-07,18:00:00,6860,한솥도시락,식비,식비,False
tx-000574,user-111,2025-12-08,15:15:00,6484,이디야커피,카페,카페,False
tx-000575,user-111,2025-12-08,13:00:00,10335,한솥도시락,식비,식비,False
tx-000576,user-111,2025-12-08,12:00:00,6876,한솥도시락,식비,식비,False
tx-000577,user-111,2025-12-08,08:30:00,2315,T머니,교통,교통,False
tx-000578,user-111,2025-12-09,16:30:00,5624,스타벅스,식비,카페,True
tx-000579,user-111,2025-12-09,17:00:00,8973,한솥도시락,식비,식비,False
tx-000580,user-111,2025-12-09,08:30:00,3400,T머니,교통,교통,False
tx-000581,user-111,2025-12-10,13:15:00,5955,이디야커피,카페,카페,False
tx-000582,user-111,2025-12-10,14:00:00,6287,한솥도시락,식비,식비,False
tx-000583,user-111,2025-12-10,08:30:00,2313,T머니,교통,교통,False
tx-000584,user-111,2025-12-11,13:15:00,6736,이디야커피,카페,카페,False
tx-000585,user-111,2025-12-11,18:00:00,9383,한솥도시락,식비,식비,False
tx-000586,user-111,2025-12-11,17:00:00,8450,한솥도시락,식비,식비,False
tx-000587,user-111,2025-12-11,07:30:00,3283,T머니,교통,교통,False
tx-000588,user-111,2025-12-12,08:15:00,6558,이디야커피,카페,카페,False
tx-000589,user-111,2025-12-12,11:00:00,5280,한솥도시락,식비,식비,False
tx-000590,user-111,2025-12-12,08:30:00,1250,T머니,교통,교통,False
tx-000591,user-111,2025-12-13,14:15:00,8153,이디야커피,카페,카페,False
tx-000592,user-111,2025-12-13,20:00:00,9221,한솥도시락,식비,식비,False
tx-000593,user-111,2025-12-14,13:00:00,6284,한솥도시락,식비,식비,False
tx-000594,user-111,2025-12-14,17:00:00,9171,한솥도시락,식비,식비,False
tx-000595,user-111,2025-12-15,08:15:00,6070,이디야커피,카페,카페,False
tx-000596,user-111,2025-12-15,18:00:00,8782,한솥도시락,식비,식비,False
tx-000597,user-111,2025-12-15,07:30:00,1851,T머니,교통,교통,False
tx-000598,user-111,2025-12-16,08:30:00,3337,T머니,교통,교통,False
tx-000599,user-111,2025-12-17,08:30:00,7984,스타벅스,식비,카페,True
tx-000600,user-111,2025-12-17,13:00:00,10742,한솥도시락,식비,식비,False
tx-000601,user-111,2025-12-17,11:00:00,11330,한솥도시락,식비,식비,False
tx-000602,user-111,2025-12-17,07:30:00,4119,T머니,교통,교통,False
tx-000603,user-111,2025-12-18,20:00:00,10522,한솥도시락,식비,식비,False
tx-000604,user-111,2025-12-18,07:30:00,2983,T머니,교통,교통,False
tx-000605,user-111,2025-12-19,09:30:00,6761,스타벅스,식비,카페,True
tx-000606,user-111,2025-12-19,18:00:00,10091,한솥도시락,식비,식비,False
tx-000607,user-111,2025-12-19,07:30:00,1328,T머니,교통,교통,False
tx-000608,user-111,2025-12-20,12:30:00,9441,스타벅스,식비,카페,True
tx-000609,user-111,2025-12-20,16:00:00,11839,한솥도시락,식비,식비,False
tx-000610,user-111,2025-12-20,15:00:00,8147,한솥도시락,식비,식비,False
tx-000611,user-111,2025-12-21,17:15:00,6694,이디야커피,카페,카페,False
tx-000612,user-111,2025-12-21,13:00:00,10797,한솥도시락,식비,식비,False
tx-000613,user-111,2025-12-21,19:00:00,13977,한솥도시락,식비,식비,False
tx-000614,user-111,2025-12-22,17:15:00,5013,이디야커피,카페,카페,False
tx-000615,user-111,2025-12-22,12:00:00,9942,한솥도시락,식비,식비,False
tx-000616,user-111,2025-12-22,18:00:00,4000,한솥도시락,식비,식비,False
tx-000617,user-111,2025-12-22,08:30:00,2707,T머니,교통,교통,False
tx-000618,user-111,2025-12-23,18:15:00,6826,이디야커피,카페,카페,False
tx-000619,user-111,2025-12-23,15:00:00,6336,한솥도시락,식비,식비,False
tx-000620,user-111,2025-12-23,08:30:00,2925,T머니,교통,교통,False
tx-000621,user-111,2025-12-24,18:00:00,8385,한솥도시락,식비,식비,False
tx-000622,user-111,2025-12-24,07:30:00,2112,T머니,교통,교통,False
tx-000623,user-111,2025-12-25,18:30:00,5305,스타벅스,식비,카페,True
tx-000624,user-111,2025-12-25,20:00:00,7595,한솥도시락,식비,식비,False
tx-000625,user-111,2025-12-25,07:30:00,2743,T머니,교통,교통,False
tx-000626,user-111,2025-12-26,16:15:00,6636,이디야커피,카페,카페,False
tx-000627,user-111,2025-12-27,12:15:00,6341,이디야커피,카페,카페,False
tx-000628,user-111,2025-12-27,16:00:00,5683,한솥도시락,식비,식비,False
tx-000629,user-111,2025-12-28,15:00:00,6349,한솥도시락,식비,식비,False
tx-000630,user-111,2025-12-29,14:15:00,6976,이디야커피,카페,카페,False
tx-000631,user-111,2025-12-29,14:00:00,9310,한솥도시락,식비,식비,False
tx-000632,user-111,2025-12-29,13:00:00,7605,한솥도시락,식비,식비,False
tx-000633,user-111,2025-12-29,08:30:00,2170,T머니,교통,교통,False
tx-000634,user-111,2025-12-30,12:15:00,5222,이디야커피,카페,카페,False
tx-000635,user-111,2025-12-30,15:00:00,9809,한솥도시락,식비,식비,False
tx-000636,user-111,2025-12-30,07:30:00,2962,T머니,교통,교통,False
tx-000637,user-111,2025-12-31,14:00:00,9172,한솥도시락,식비,식비,False
tx-000638,user-111,2025-12-31,08:30:00,2594,T머니,교통,교통,False
tx-000639,user-111,2026-01-01,13:15:00,6809,이디야커피,카페,카페,False
tx-000640,user-111,2026-01-01,16:00:00,8426,한솥도시락,식비,식비,False
tx-000641,user-111,2026-01-01,17:00:00,15183,한솥도시락,식비,식비,False
tx-000642,user-111,2026-01-01,07:30:00,3374,T머니,교통,교통,False
tx-000643,user-111,2026-01-02,19:15:00,6972,이디야커피,카페,카페,False
tx-000644,user-111,2026-01-02,14:00:00,9267,한솥도시락,식비,식비,False
tx-000645,user-111,2026-01-02,07:30:00,2186,T머니,교통,교통,False
tx-000646,user-111,2026-01-03,17:00:00,6513,한솥도시락,식비,식비,False
tx-000647,user-111,2026-01-03,20:00:00,64355,무신사,쇼핑,쇼핑,False
tx-000648,user-111,2026-01-04,15:00:00,7896,한솥도시락,식비,식비,False
tx-000649,user-111,2026-01-05,17:00:00,7160,한솥도시락,식비,식비,False
tx-000650,user-111,2026-01-05,13:00:00,10641,한솥도시락,식비,식비,False
tx-000651,user-111,2026-01-05,08:30:00,2415,T머니,교통,교통,False
tx-000652,user-111,2026-01-06,11:00:00,9579,한솥도시락,식비,식비,False
tx-000653,user-111,2026-01-06,08:30:00,2784,T머니,교통,교통,False
tx-000654,user-111,2026-01-07,13:15:00,5574,이디야커피,카페,카페,False
tx-000655,user-111,2026-01-07,12:00:00,11241,한솥도시락,식비,식비,False
tx-000656,user-111,2026-01-07,20:00:00,63206,무신사,쇼핑,쇼핑,False
tx-000657,user-111,2026-01-07,07:30:00,2522,T머니,교통,교통,False
tx-000658,user-111,2026-01-08,12:00:00,7951,한솥도시락,식비,식비,False
tx-000659,user-111,2026-01-08,07:30:00,2201,T머니,교통,교통,False
tx-000660,user-111,2026-01-09,15:15:00,5700,이디야커피,카페,카페,False
tx-000661,user-111,2026-01-09,11:00:00,7838,한솥도시락,식비,식비,False
tx-000662,user-111,2026-01-09,07:30:00,1597,T머니,교통,교통,False
tx-000663,user-111,2026-01-10,08:30:00,9328,스타벅스,식비,카페,True
tx-000664,user-111,2026-01-10,20:00:00,5227,한솥도시락,식비,식비,False
tx-000665,user-111,2026-01-11,19:15:00,8181,이디야커피,카페,카페,False
tx-000666,user-111,2026-01-11,16:00:00,7270,한솥도시락,식비,식비,False
tx-000667,user-111,2026-01-11,17:00:00,5982,한솥도시락,식비,식비,False
tx-000668,user-111,2026-01-12,09:15:00,6643,이디야커피,카페,카페,False
tx-000669,user-111,2026-01-12,16:00:00,6934,한솥도시락,식비,식비,False
tx-000670,user-111,2026-01-12,08:30:00,2809,T머니,교통,교통,False
tx-000671,user-111,2026-01-13,19:30:00,6959,스타벅스,식비,카페,True
tx-000672,user-111,2026-01-13,13:00:00,8065,한솥도시락,식비,식비,False
tx-000673,user-111,2026-01-13,14:00:00,11174,한솥도시락,식비,식비,False
tx-000674,user-111,2026-01-13,07:30:00,2913,T머니,교통,교통,False
tx-000675,user-111,2026-01-14,08:15:00,7087,이디야커피,카페,카페,False
tx-000676,user-111,2026-01-14,11:00:00,8075,한솥도시락,식비,식비,False
tx-000677,user-111,2026-01-14,07:30:00,2294,T머니,교통,교통,False
tx-000678,user-111,2026-01-15,11:00:00,9526,한솥도시락,식비,식비,False
tx-000679,user-111,2026-01-16,08:15:00,8733,이디야커피,카페,카페,False
tx-000680,user-111,2026-01-16,19:00:00,7474,한솥도시락,식비,식비,False
tx-000681,user-111,2026-01-16,07:30:00,3562,T머니,교통,교통,False
tx-000682,user-111,2026-01-17,09:15:00,8626,이디야커피,카페,카페,False
tx-000683,user-111,2026-01-17,16:00:00,6422,한솥도시락,식비,식비,False
tx-000684,user-111,2026-01-18,12:00:00,12042,한솥도시락,식비,식비,False
tx-000685,user-111,2026-01-19,11:00:00,7641,한솥도시락,식비,식비,False
tx-000686,user-111,2026-01-19,07:30:00,3978,T머니,교통,교통,False
tx-000687,user-111,2026-01-20,12:15:00,7022,이디야커피,카페,카페,False
tx-000688,user-111,2026-01-20,16:00:00,9974,한솥도시락,식비,식비,False
tx-000689,user-111,2026-01-20,19:00:00,7928,한솥도시락,식비,식비,False
tx-000690,user-111,2026-01-20,08:30:00,2203,T머니,교통,교통,False
tx-000691,user-111,2026-01-21,19:15:00,6492,이디야커피,카페,카페,False
tx-000692,user-111,2026-01-21,17:00:00,7842,한솥도시락,식비,식비,False
tx-000693,user-111,2026-01-21,07:30:00,3063,T머니,교통,교통,False
tx-000694,user-111,2026-01-22,16:30:00,6535,스타벅스,식비,카페,True
tx-000695,user-111,2026-01-22,14:00:00,8754,한솥도시락,식비,식비,False
tx-000696,user-111,2026-01-22,19:00:00,12372,한솥도시락,식비,식비,False
tx-000697,user-111,2026-01-22,07:30:00,3393,T머니,교통,교통,False
tx-000698,user-111,2026-01-23,18:00:00,5121,한솥도시락,식비,식비,False
tx-000699,user-111,2026-01-23,08:30:00,1435,T머니,교통,교통,False
tx-000700,user-111,2026-01-24,12:00:00,6159,한솥도시락,식비,식비,False
tx-000701,user-111,2026-01-25,16:00:00,9842,한솥도시락,식비,식비,False
tx-000702,user-111,2026-01-25,19:00:00,8629,한솥도시락,식비,식비,False
tx-000703,user-111,2026-01-26,13:00:00,7348,한솥도시락,식비,식비,False
tx-000704,user-111,2026-01-26,08:30:00,3318,T머니,교통,교통,False
tx-000705,user-111,2026-01-27,19:00:00,11607,한솥도시락,식비,식비,False
tx-000706,user-111,2026-01-27,08:30:00,2260,T머니,교통,교통,False
tx-000707,user-111,2026-01-28,15:15:00,6535,이디야커피,카페,카페,False
tx-000708,user-111,2026-01-28,12:00:00,10432,한솥도시락,식비,식비,False
tx-000709,user-111,2026-01-28,08:30:00,2482,T머니,교통,교통,False
tx-000710,user-111,2026-01-29,13:00:00,9061,한솥도시락,식비,식비,False
tx-000711,user-111,2026-01-29,08:30:00,3068,T머니,교통,교통,False
tx-000712,user-111,2026-01-30,11:30:00,6919,스타벅스,식비,카페,True
tx-000713,user-111,2026-01-30,07:30:00,2828,T머니,교통,교통,False
tx-000714,user-111,2026-01-31,14:15:00,8383,이디야커피,카페,카페,False
tx-000715,user-111,2026-01-31,17:00:00,9564,한솥도시락,식비,식비,False
tx-000716,user-111,2026-02-01,11:00:00,8547,한솥도시락,식비,식비,False
tx-000717,user-111,2026-02-01,14:00:00,12214,한솥도시락,식비,식비,False
tx-000718,user-111,2026-02-02,20:00:00,7948,한솥도시락,식비,식비,False
tx-000719,user-111,2026-02-02,20:00:00,7127,한솥도시락,식비,식비,False
tx-000720,user-111,2026-02-02,08:30:00,3561,T머니,교통,교통,False
tx-000721,user-111,2026-02-03,12:30:00,7033,스타벅스,식비,카페,True
tx-000722,user-111,2026-02-03,20:00:00,10285,한솥도시락,식비,식비,False
tx-000723,user-111,2026-02-03,07:30:00,4897,T머니,교통,교통,False
tx-000724,user-111,2026-02-04,12:15:00,5104,이디야커피,카페,카페,False
tx-000725,user-111,2026-02-04,11:00:00,4238,한솥도시락,식비,식비,False
tx-000726,user-111,2026-02-04,12:00:00,7443,한솥도시락,식비,식비,False
tx-000727,user-111,2026-02-04,07:30:00,1695,T머니,교통,교통,False
tx-000728,user-111,2026-02-05,11:15:00,8182,이디야커피,카페,카페,False
tx-000729,user-111,2026-02-05,14:00:00,7482,한솥도시락,식비,식비,False
tx-000730,user-111,2026-02-05,07:30:00,3211,T머니,교통,교통,False
tx-000731,user-111,2026-02-06,14:30:00,7502,스타벅스,식비,카페,True
tx-000732,user-111,2026-02-06,18:00:00,7316,한솥도시락,식비,식비,False
tx-000733,user-111,2026-02-06,08:30:00,1948,T머니,교통,교통,False
tx-000734,user-111,2026-02-07,14:15:00,8293,이디야커피,카페,카페,False
tx-000735,user-111,2026-02-07,13:00:00,4985,한솥도시락,식비,식비,False
tx-000736,user-111,2026-02-08,15:15:00,7152,이디야커피,카페,카페,False
tx-000737,user-111,2026-02-08,14:00:00,6867,한솥도시락,식비,식비,False
tx-000738,user-111,2026-02-09,17:00:00,11533,한솥도시락,식비,식비,False
tx-000739,user-111,2026-02-09,15:00:00,8082,한솥도시락,식비,식비,False
tx-000740,user-111,2026-02-09,07:30:00,3199,T머니,교통,교통,False
tx-000741,user-111,2026-02-10,14:15:00,7958,이디야커피,카페,카페,False
tx-000742,user-111,2026-02-10,13:00:00,6389,한솥도시락,식비,식비,False
tx-000743,user-111,2026-02-10,13:00:00,7015,한솥도시락,식비,식비,False
tx-000744,user-111,2026-02-10,07:30:00,2220,T머니,교통,교통,False
tx-000745,user-111,2026-02-11,13:00:00,7073,한솥도시락,식비,식비,False
tx-000746,user-111,2026-02-11,07:30:00,3240,T머니,교통,교통,False
tx-000747,user-111,2026-02-12,18:00:00,9134,한솥도시락,식비,식비,False
tx-000748,user-111,2026-02-12,11:00:00,12422,한솥도시락,식비,식비,False
tx-000749,user-111,2026-02-12,07:30:00,2879,T머니,교통,교통,False
tx-000750,user-111,2026-02-13,14:00:00,4126,한솥도시락,식비,식비,False
tx-000751,user-111,2026-02-13,15:00:00,8861,한솥도시락,식비,식비,False
tx-000752,user-111,2026-02-13,07:30:00,3094,T머니,교통,교통,False
tx-000753,user-111,2026-02-14,15:15:00,8714,이디야커피,카페,카페,False
tx-000754,user-111,2026-02-14,16:00:00,8042,한솥도시락,식비,식비,False
tx-000755,user-111,2026-02-14,17:00:00,9075,한솥도시락,식비,식비,False
tx-000756,user-111,2026-02-15,16:30:00,8609,스타벅스,식비,카페,True
tx-000757,user-111,2026-02-15,17:00:00,9598,한솥도시락,식비,식비,False
tx-000758,user-111,2026-02-15,11:00:00,10447,한솥도시락,식비,식비,False
tx-000759,user-111,2026-02-16,08:15:00,4180,이디야커피,카페,카페,False
tx-000760,user-111,2026-02-16,18:00:00,8860,한솥도시락,식비,식비,False
tx-000761,user-111,2026-02-16,08:30:00,2832,T머니,교통,교통,False
tx-000762,user-111,2026-02-17,10:15:00,9543,이디야커피,카페,카페,False
tx-000763,user-111,2026-02-17,13:00:00,5907,한솥도시락,식비,식비,False
tx-000764,user-111,2026-02-17,13:00:00,8379,한솥도시락,식비,식비,False
tx-000765,user-111,2026-02-17,08:30:00,2129,T머니,교통,교통,False
tx-000766,user-111,2026-02-18,18:00:00,5969,한솥도시락,식비,식비,False
tx-000767,user-111,2026-02-18,14:00:00,8567,한솥도시락,식비,식비,False
tx-000768,user-111,2026-02-18,07:30:00,2861,T머니,교통,교통,False
tx-000769,user-111,2026-02-19,13:15:00,5401,이디야커피,카페,카페,False
tx-000770,user-111,2026-02-19,15:00:00,7413,한솥도시락,식비,식비,False
tx-000771,user-111,2026-02-19,07:30:00,2478,T머니,교통,교통,False
tx-000772,user-111,2026-02-20,14:30:00,4924,스타벅스,식비,카페,True
tx-000773,user-111,2026-02-20,17:00:00,11293,한솥도시락,식비,식비,False
tx-000774,user-111,2026-02-20,08:30:00,3669,T머니,교통,교통,False
tx-000775,user-111,2026-02-21,12:00:00,9512,한솥도시락,식비,식비,False
tx-000776,user-111,2026-02-22,12:15:00,8097,이디야커피,카페,카페,False
tx-000777,user-111,2026-02-22,17:00:00,8740,한솥도시락,식비,식비,False
tx-000778,user-111,2026-02-23,09:15:00,5200,이디야커피,카페,카페,False
tx-000779,user-111,2026-02-23,17:00:00,8718,한솥도시락,식비,식비,False
tx-000780,user-111,2026-02-24,11:15:00,7043,이디야커피,카페,카페,False
tx-000781,user-111,2026-02-24,12:00:00,5251,한솥도시락,식비,식비,False
tx-000782,user-111,2026-02-24,07:30:00,3297,T머니,교통,교통,False
tx-000783,user-111,2026-02-25,11:15:00,7470,이디야커피,카페,카페,False
tx-000784,user-111,2026-02-25,14:00:00,12344,한솥도시락,식비,식비,False
tx-000785,user-111,2026-02-25,18:00:00,9878,한솥도시락,식비,식비,False
tx-000786,user-111,2026-02-25,07:30:00,3004,T머니,교통,교통,False
tx-000787,user-111,2026-02-26,16:15:00,5273,이디야커피,카페,카페,False
tx-000788,user-111,2026-02-26,14:00:00,12351,한솥도시락,식비,식비,False
tx-000789,user-111,2026-02-26,08:30:00,2301,T머니,교통,교통,False
tx-000790,user-111,2026-02-27,13:30:00,7357,스타벅스,식비,카페,True
tx-000791,user-111,2026-02-27,19:00:00,9152,한솥도시락,식비,식비,False
tx-000792,user-111,2026-02-28,16:15:00,8461,이디야커피,카페,카페,False
tx-000793,user-111,2026-02-28,11:00:00,9397,한솥도시락,식비,식비,False
tx-000794,user-111,2026-03-01,15:15:00,8735,이디야커피,카페,카페,False
tx-000795,user-111,2026-03-01,12:00:00,9650,한솥도시락,식비,식비,False
tx-000796,user-111,2026-03-02,10:15:00,5322,이디야커피,카페,카페,False
tx-000797,user-111,2026-03-02,16:00:00,7314,한솥도시락,식비,식비,False
tx-000798,user-111,2026-03-02,11:00:00,11814,한솥도시락,식비,식비,False
tx-000799,user-111,2026-03-03,18:15:00,6282,이디야커피,카페,카페,False
tx-000800,user-111,2026-03-03,11:00:00,12174,한솥도시락,식비,식비,False
tx-000801,user-111,2026-03-03,18:00:00,9259,한솥도시락,식비,식비,False
tx-000802,user-111,2026-03-03,08:30:00,3232,T머니,교통,교통,False
tx-000803,user-111,2026-03-04,19:15:00,6074,이디야커피,카페,카페,False
tx-000804,user-111,2026-03-04,12:00:00,12798,한솥도시락,식비,식비,False
tx-000805,user-111,2026-03-04,08:30:00,2567,T머니,교통,교통,False
tx-000806,user-111,2026-03-05,18:15:00,6638,이디야커피,카페,카페,False
tx-000807,user-111,2026-03-05,16:00:00,9130,한솥도시락,식비,식비,False
tx-000808,user-111,2026-03-05,08:30:00,2574,T머니,교통,교통,False
tx-000809,user-111,2026-03-06,09:15:00,8175,이디야커피,카페,카페,False
tx-000810,user-111,2026-03-06,14:00:00,8713,한솥도시락,식비,식비,False
tx-000811,user-111,2026-03-06,07:30:00,3921,T머니,교통,교통,False
tx-000812,user-111,2026-03-07,11:15:00,6206,이디야커피,카페,카페,False
tx-000813,user-111,2026-03-07,15:00:00,10039,한솥도시락,식비,식비,False
tx-000814,user-111,2026-03-08,14:15:00,7630,이디야커피,카페,카페,False
tx-000815,user-111,2026-03-08,19:00:00,7313,한솥도시락,식비,식비,False
tx-000816,user-111,2026-03-08,16:00:00,11082,한솥도시락,식비,식비,False
tx-000817,user-111,2026-03-09,19:00:00,7967,한솥도시락,식비,식비,False
tx-000818,user-111,2026-03-09,07:30:00,2777,T머니,교통,교통,False
tx-000819,user-111,2026-03-10,15:00:00,12487,한솥도시락,식비,식비,False
tx-000820,user-111,2026-03-10,08:30:00,2520,T머니,교통,교통,False
tx-000821,user-111,2026-03-11,17:15:00,4646,이디야커피,카페,카페,False
tx-000822,user-111,2026-03-11,13:00:00,9877,한솥도시락,식비,식비,False
tx-000823,user-111,2026-03-11,17:00:00,8764,한솥도시락,식비,식비,False
tx-000824,user-111,2026-03-11,07:30:00,1883,T머니,교통,교통,False
tx-000825,user-111,2026-03-12,16:15:00,7160,이디야커피,카페,카페,False
tx-000826,user-111,2026-03-12,13:00:00,12390,한솥도시락,식비,식비,False
tx-000827,user-111,2026-03-12,08:30:00,2345,T머니,교통,교통,False
tx-000828,user-111,2026-03-13,09:15:00,7364,이디야커피,카페,카페,False
tx-000829,user-111,2026-03-13,17:00:00,8394,한솥도시락,식비,식비,False
tx-000830,user-111,2026-03-13,07:30:00,3958,T머니,교통,교통,False
tx-000831,user-111,2026-03-14,14:15:00,8969,이디야커피,카페,카페,False
tx-000832,user-111,2026-03-14,11:00:00,11271,한솥도시락,식비,식비,False
tx-000833,user-111,2026-03-14,13:00:00,9547,한솥도시락,식비,식비,False
tx-000834,user-111,2026-03-15,19:15:00,9087,이디야커피,카페,카페,False
tx-000835,user-111,2026-03-15,19:00:00,11127,한솥도시락,식비,식비,False
tx-000836,user-111,2026-03-16,13:30:00,7548,스타벅스,식비,카페,True
tx-000837,user-111,2026-03-16,13:00:00,9334,한솥도시락,식비,식비,False
tx-000838,user-111,2026-03-16,18:00:00,30535,무신사,쇼핑,쇼핑,False
tx-000839,user-111,2026-03-16,08:30:00,2774,T머니,교통,교통,False
tx-000840,user-111,2026-03-17,16:15:00,6790,이디야커피,카페,카페,False
tx-000841,user-111,2026-03-17,12:00:00,9401,한솥도시락,식비,식비,False
tx-000842,user-111,2026-03-17,07:30:00,2820,T머니,교통,교통,False
tx-000843,user-111,2026-03-18,15:15:00,5985,이디야커피,카페,카페,False
tx-000844,user-111,2026-03-18,14:00:00,8265,한솥도시락,식비,식비,False
tx-000845,user-111,2026-03-18,12:00:00,8173,한솥도시락,식비,식비,False
tx-000846,user-111,2026-03-18,08:30:00,2562,T머니,교통,교통,False
tx-000847,user-111,2026-03-19,17:15:00,6843,이디야커피,카페,카페,False
tx-000848,user-111,2026-03-19,17:00:00,7052,한솥도시락,식비,식비,False
tx-000849,user-111,2026-03-19,08:30:00,2319,T머니,교통,교통,False
tx-000850,user-111,2026-03-20,17:15:00,8250,이디야커피,카페,카페,False
tx-000851,user-111,2026-03-20,14:00:00,12749,한솥도시락,식비,식비,False
tx-000852,user-111,2026-03-20,08:30:00,3442,T머니,교통,교통,False
tx-000853,user-111,2026-03-21,15:15:00,10057,이디야커피,카페,카페,False
tx-000854,user-111,2026-03-21,12:00:00,7954,한솥도시락,식비,식비,False
tx-000855,user-111,2026-03-21,11:00:00,10626,한솥도시락,식비,식비,False
tx-000856,user-111,2026-03-22,14:15:00,8095,이디야커피,카페,카페,False
tx-000857,user-111,2026-03-22,13:00:00,10816,한솥도시락,식비,식비,False
tx-000858,user-111,2026-03-23,19:15:00,5657,이디야커피,카페,카페,False
tx-000859,user-111,2026-03-23,20:00:00,11098,한솥도시락,식비,식비,False
tx-000860,user-111,2026-03-23,17:00:00,9741,한솥도시락,식비,식비,False
tx-000861,user-111,2026-03-23,08:30:00,3009,T머니,교통,교통,False
tx-000862,user-111,2026-03-24,19:15:00,6732,이디야커피,카페,카페,False
tx-000863,user-111,2026-03-24,15:00:00,4250,한솥도시락,식비,식비,False
tx-000864,user-111,2026-03-24,13:00:00,7851,한솥도시락,식비,식비,False
tx-000865,user-111,2026-03-24,07:30:00,3023,T머니,교통,교통,False
tx-000866,user-111,2026-03-25,17:00:00,9676,한솥도시락,식비,식비,False
tx-000867,user-111,2026-03-25,16:00:00,7327,한솥도시락,식비,식비,False
tx-000868,user-111,2026-03-26,20:00:00,10111,한솥도시락,식비,식비,False
tx-000869,user-111,2026-03-26,22:00:00,71741,무신사,쇼핑,쇼핑,False
tx-000870,user-111,2026-03-26,07:30:00,2094,T머니,교통,교통,False
tx-000871,user-111,2026-03-27,19:15:00,7986,이디야커피,카페,카페,False
tx-000872,user-111,2026-03-27,16:00:00,7006,한솥도시락,식비,식비,False
tx-000873,user-111,2026-03-27,17:00:00,5920,한솥도시락,식비,식비,False
tx-000874,user-111,2026-03-27,07:30:00,3468,T머니,교통,교통,False
tx-000875,user-111,2026-03-28,13:00:00,6835,한솥도시락,식비,식비,False
tx-000876,user-111,2026-03-29,13:00:00,8077,한솥도시락,식비,식비,False
tx-000877,user-111,2026-03-29,12:00:00,7713,한솥도시락,식비,식비,False
tx-000878,user-111,2026-03-30,10:15:00,7742,이디야커피,카페,카페,False
tx-000879,user-111,2026-03-30,16:00:00,8197,한솥도시락,식비,식비,False
tx-000880,user-111,2026-03-30,07:30:00,3474,T머니,교통,교통,False
tx-000881,user-111,2026-03-31,19:00:00,7201,한솥도시락,식비,식비,False
tx-000882,user-111,2026-03-31,07:30:00,2892,T머니,교통,교통,False
tx-000883,user-111,2026-04-01,12:00:00,5197,한솥도시락,식비,식비,False
tx-000884,user-111,2026-04-01,18:00:00,68544,무신사,쇼핑,쇼핑,False
tx-000885,user-111,2026-04-01,08:30:00,3307,T머니,교통,교통,False
tx-000886,user-111,2026-04-02,19:15:00,7295,이디야커피,카페,카페,False
tx-000887,user-111,2026-04-02,16:00:00,9103,한솥도시락,식비,식비,False
tx-000888,user-111,2026-04-02,07:30:00,2109,T머니,교통,교통,False
tx-000889,user-111,2026-04-03,15:30:00,6334,스타벅스,식비,카페,True
tx-000890,user-111,2026-04-03,14:00:00,8122,한솥도시락,식비,식비,False
tx-000891,user-111,2026-04-03,07:30:00,2121,T머니,교통,교통,False
tx-000892,user-111,2026-04-04,17:00:00,10056,한솥도시락,식비,식비,False
tx-000893,user-111,2026-04-04,13:00:00,10738,한솥도시락,식비,식비,False
tx-000894,user-111,2026-04-05,14:15:00,7676,이디야커피,카페,카페,False
tx-000895,user-111,2026-04-05,17:00:00,7389,한솥도시락,식비,식비,False
tx-000896,user-111,2026-04-06,17:15:00,7141,이디야커피,카페,카페,False
tx-000897,user-111,2026-04-06,20:00:00,6834,한솥도시락,식비,식비,False
tx-000898,user-111,2026-04-06,12:00:00,8055,한솥도시락,식비,식비,False
tx-000899,user-111,2026-04-06,07:30:00,3539,T머니,교통,교통,False
tx-000900,user-111,2026-04-07,08:30:00,1277,T머니,교통,교통,False
tx-000901,user-111,2026-04-08,17:30:00,5563,스타벅스,식비,카페,True
tx-000902,user-111,2026-04-08,14:00:00,9963,한솥도시락,식비,식비,False
tx-000903,user-111,2026-04-08,12:00:00,9987,한솥도시락,식비,식비,False
tx-000904,user-111,2026-04-08,07:30:00,2465,T머니,교통,교통,False
tx-000905,user-111,2026-04-09,13:15:00,7675,이디야커피,카페,카페,False
tx-000906,user-111,2026-04-09,18:00:00,12251,한솥도시락,식비,식비,False
tx-000907,user-111,2026-04-09,17:00:00,4934,한솥도시락,식비,식비,False
tx-000908,user-111,2026-04-09,07:30:00,3268,T머니,교통,교통,False
tx-000909,user-111,2026-04-10,13:15:00,5831,이디야커피,카페,카페,False
tx-000910,user-111,2026-04-10,13:00:00,10957,한솥도시락,식비,식비,False
tx-000911,user-111,2026-04-10,08:30:00,2904,T머니,교통,교통,False
tx-000912,user-111,2026-04-11,12:00:00,5902,한솥도시락,식비,식비,False
tx-000913,user-111,2026-04-11,16:00:00,13764,한솥도시락,식비,식비,False
tx-000914,user-111,2026-04-12,09:15:00,7942,이디야커피,카페,카페,False
tx-000915,user-111,2026-04-12,18:00:00,9584,한솥도시락,식비,식비,False
tx-000916,user-111,2026-04-13,19:00:00,4000,한솥도시락,식비,식비,False
tx-000917,user-111,2026-04-13,08:30:00,3036,T머니,교통,교통,False
tx-000918,user-111,2026-04-14,13:15:00,6762,이디야커피,카페,카페,False
tx-000919,user-111,2026-04-14,13:00:00,9081,한솥도시락,식비,식비,False
tx-000920,user-111,2026-04-14,08:30:00,2668,T머니,교통,교통,False
tx-000921,user-111,2026-04-15,13:15:00,8408,이디야커피,카페,카페,False
tx-000922,user-111,2026-04-15,13:00:00,13587,한솥도시락,식비,식비,False
tx-000923,user-111,2026-04-15,07:30:00,3111,T머니,교통,교통,False
tx-000924,user-111,2026-04-16,16:15:00,8480,이디야커피,카페,카페,False
tx-000925,user-111,2026-04-16,14:00:00,14823,한솥도시락,식비,식비,False
tx-000926,user-111,2026-04-16,19:00:00,44366,무신사,쇼핑,쇼핑,False
tx-000927,user-111,2026-04-16,08:30:00,3612,T머니,교통,교통,False
tx-000928,user-111,2026-04-17,08:15:00,7544,이디야커피,카페,카페,False
tx-000929,user-111,2026-04-17,17:00:00,10253,한솥도시락,식비,식비,False
tx-000930,user-111,2026-04-17,15:00:00,8954,한솥도시락,식비,식비,False
tx-000931,user-111,2026-04-17,08:30:00,2773,T머니,교통,교통,False
tx-000932,user-111,2026-04-18,09:15:00,7146,이디야커피,카페,카페,False
tx-000933,user-111,2026-04-18,18:00:00,7001,한솥도시락,식비,식비,False
tx-000934,user-111,2026-04-19,19:15:00,7253,이디야커피,카페,카페,False
tx-000935,user-111,2026-04-19,14:00:00,8640,한솥도시락,식비,식비,False
tx-000936,user-111,2026-04-19,19:00:00,7219,한솥도시락,식비,식비,False
tx-000937,user-111,2026-04-20,19:15:00,6822,이디야커피,카페,카페,False
tx-000938,user-111,2026-04-20,19:00:00,7439,한솥도시락,식비,식비,False
tx-000939,user-111,2026-04-20,20:00:00,10702,한솥도시락,식비,식비,False
tx-000940,user-111,2026-04-20,07:30:00,3733,T머니,교통,교통,False
tx-000941,user-111,2026-04-21,15:15:00,7150,이디야커피,카페,카페,False
tx-000942,user-111,2026-04-21,12:00:00,4931,한솥도시락,식비,식비,False
tx-000943,user-111,2026-04-21,13:00:00,11304,한솥도시락,식비,식비,False
tx-000944,user-111,2026-04-21,07:30:00,2308,T머니,교통,교통,False
tx-000945,user-111,2026-04-22,15:15:00,5879,이디야커피,카페,카페,False
tx-000946,user-111,2026-04-22,11:00:00,5419,한솥도시락,식비,식비,False
tx-000947,user-111,2026-04-22,12:00:00,5761,한솥도시락,식비,식비,False
tx-000948,user-111,2026-04-22,08:30:00,3127,T머니,교통,교통,False
tx-000949,user-111,2026-04-23,17:00:00,10978,한솥도시락,식비,식비,False
tx-000950,user-111,2026-04-23,13:00:00,11095,한솥도시락,식비,식비,False
tx-000951,user-111,2026-04-23,07:30:00,2734,T머니,교통,교통,False
tx-000952,user-111,2026-04-24,08:15:00,6084,이디야커피,카페,카페,False
tx-000953,user-111,2026-04-24,19:00:00,10101,한솥도시락,식비,식비,False
tx-000954,user-111,2026-04-24,18:00:00,8023,한솥도시락,식비,식비,False
tx-000955,user-111,2026-04-24,08:30:00,2766,T머니,교통,교통,False
tx-000956,user-111,2026-04-25,13:30:00,8872,스타벅스,식비,카페,True
tx-000957,user-111,2026-04-25,13:00:00,9666,한솥도시락,식비,식비,False
tx-000958,user-111,2026-04-26,08:15:00,9913,이디야커피,카페,카페,False
tx-000959,user-111,2026-04-26,12:00:00,6127,한솥도시락,식비,식비,False
tx-000960,user-111,2026-04-26,17:00:00,12868,한솥도시락,식비,식비,False
tx-000961,user-111,2026-04-27,19:00:00,5738,한솥도시락,식비,식비,False
tx-000962,user-111,2026-04-27,12:00:00,10809,한솥도시락,식비,식비,False
tx-000963,user-111,2026-04-27,08:30:00,3533,T머니,교통,교통,False
tx-000964,user-111,2026-04-28,11:15:00,6641,이디야커피,카페,카페,False
tx-000965,user-111,2026-04-28,19:00:00,10450,한솥도시락,식비,식비,False
tx-000966,user-111,2026-04-28,07:30:00,1825,T머니,교통,교통,False
tx-000967,user-111,2026-04-29,10:30:00,6947,스타벅스,식비,카페,True
tx-000968,user-111,2026-04-29,13:00:00,7858,한솥도시락,식비,식비,False
tx-000969,user-111,2026-04-29,08:30:00,3288,T머니,교통,교통,False
tx-000970,user-111,2026-04-30,15:15:00,6192,이디야커피,카페,카페,False
tx-000971,user-111,2026-04-30,12:00:00,9306,한솥도시락,식비,식비,False
tx-000972,user-111,2026-04-30,08:30:00,2666,T머니,교통,교통,False
tx-000973,user-111,2026-05-01,16:00:00,10194,한솥도시락,식비,식비,False
tx-000974,user-111,2026-05-01,07:30:00,3274,T머니,교통,교통,False
tx-000975,user-111,2026-05-02,18:00:00,7465,한솥도시락,식비,식비,False
tx-000976,user-111,2026-05-02,15:00:00,13219,한솥도시락,식비,식비,False
tx-000977,user-111,2026-05-03,08:15:00,6554,이디야커피,카페,카페,False
tx-000978,user-111,2026-05-03,18:00:00,11071,한솥도시락,식비,식비,False
tx-000979,user-111,2026-05-04,13:15:00,5739,이디야커피,카페,카페,False
tx-000980,user-111,2026-05-04,18:00:00,8993,한솥도시락,식비,식비,False
tx-000981,user-111,2026-05-04,11:00:00,9711,한솥도시락,식비,식비,False
tx-000982,user-111,2026-05-04,08:30:00,3076,T머니,교통,교통,False
tx-000983,user-111,2026-05-05,17:15:00,7118,이디야커피,카페,카페,False
tx-000984,user-111,2026-05-05,16:00:00,9623,한솥도시락,식비,식비,False
tx-000985,user-111,2026-05-05,12:00:00,9633,한솥도시락,식비,식비,False
tx-000986,user-111,2026-05-06,13:00:00,6044,한솥도시락,식비,식비,False
tx-000987,user-111,2026-05-06,14:00:00,11079,한솥도시락,식비,식비,False
tx-000988,user-111,2026-05-06,08:30:00,3607,T머니,교통,교통,False
tx-000989,user-111,2026-05-07,09:15:00,6299,이디야커피,카페,카페,False
tx-000990,user-111,2026-05-07,16:00:00,4000,한솥도시락,식비,식비,False
tx-000991,user-111,2026-05-07,14:00:00,11393,한솥도시락,식비,식비,False
tx-000992,user-111,2026-05-07,08:30:00,3571,T머니,교통,교통,False
tx-000993,user-111,2026-05-08,10:15:00,5740,이디야커피,카페,카페,False
tx-000994,user-111,2026-05-08,19:00:00,7769,한솥도시락,식비,식비,False
tx-000995,user-111,2026-05-08,07:30:00,2769,T머니,교통,교통,False
tx-000996,user-111,2026-05-09,10:15:00,7804,이디야커피,카페,카페,False
tx-000997,user-111,2026-05-09,17:00:00,5584,한솥도시락,식비,식비,False
tx-000998,user-111,2026-05-09,15:00:00,4000,한솥도시락,식비,식비,False
tx-000999,user-111,2026-05-09,19:00:00,38813,무신사,쇼핑,쇼핑,False
tx-001000,user-111,2026-05-10,15:00:00,7569,한솥도시락,식비,식비,False
tx-001001,user-111,2026-05-11,18:15:00,7105,이디야커피,카페,카페,False
tx-001002,user-111,2026-05-11,07:30:00,3394,T머니,교통,교통,False
tx-001003,user-111,2026-05-12,08:15:00,7226,이디야커피,카페,카페,False
tx-001004,user-111,2026-05-12,20:00:00,9254,한솥도시락,식비,식비,False
tx-001005,user-111,2026-05-12,18:00:00,59742,무신사,쇼핑,쇼핑,False
tx-001006,user-111,2026-05-12,07:30:00,3442,T머니,교통,교통,False
tx-001007,user-111,2026-05-13,17:00:00,6712,한솥도시락,식비,식비,False
tx-001008,user-111,2026-05-13,07:30:00,2182,T머니,교통,교통,False
